{"cameraMode":{"drawMode":0,"name":"Shaded","section":"Shading Mode"},"sceneLighting":false,"audioPlay":true,"sceneViewState":{"showFog":false,"showMaterialUpdate":false,"showSkybox":false,"showFlares":false,"showImageEffects":false,"showParticleSystems":false},"in2DMode":false,"pivot":{"x":404.172119140625,"y":540.252197265625,"z":779.0364990234375},"rotation":{"x":0.0018355463398620487,"y":0.9946340918540955,"z":-0.10211788862943649,"w":0.017891395837068559},"size":180.29049682617188,"orthographic":false}