{"cameraMode":{"drawMode":0,"name":"Shaded","section":"Shading Mode"},"sceneLighting":false,"audioPlay":false,"sceneViewState":{"showFog":false,"showMaterialUpdate":false,"showSkybox":false,"showFlares":false,"showImageEffects":false,"showParticleSystems":false},"in2DMode":false,"pivot":{"x":212.34423828125,"y":531.03564453125,"z":822.1919555664063},"rotation":{"x":0.037005338817834857,"y":0.9612123370170593,"z":-0.22181656956672669,"w":0.1600199043750763},"size":3.621997356414795,"orthographic":false}