{"cameraMode":{"drawMode":0,"name":"Shaded","section":"Shading Mode"},"sceneLighting":false,"audioPlay":true,"sceneViewState":{"showFog":false,"showMaterialUpdate":false,"showSkybox":false,"showFlares":false,"showImageEffects":false,"showParticleSystems":false},"in2DMode":false,"pivot":{"x":-0.31002017855644228,"y":0.7632672190666199,"z":-0.2536804676055908},"rotation":{"x":-0.020368970930576326,"y":0.9796098470687866,"z":-0.13785862922668458,"w":-0.14474856853485108},"size":2.209514617919922,"orthographic":false}