{"cameraMode":{"drawMode":0,"name":"Shaded","section":"Shading Mode"},"sceneLighting":false,"audioPlay":false,"sceneViewState":{"showFog":false,"showMaterialUpdate":false,"showSkybox":false,"showFlares":false,"showImageEffects":false,"showParticleSystems":false},"in2DMode":false,"pivot":{"x":212.2823028564453,"y":531.4442138671875,"z":823.6277465820313},"rotation":{"x":0.06677110493183136,"y":0.9251201152801514,"z":-0.32029953598976138,"w":0.19281506538391114},"size":3.0789804458618166,"orthographic":false}