{"cameraMode":{"drawMode":0,"name":"Shaded","section":"Shading Mode"},"sceneLighting":false,"audioPlay":true,"sceneViewState":{"showFog":false,"showMaterialUpdate":false,"showSkybox":false,"showFlares":false,"showImageEffects":false,"showParticleSystems":false},"in2DMode":false,"pivot":{"x":39.92877960205078,"y":-0.07483100891113281,"z":-12.365751266479493},"rotation":{"x":-0.031222883611917497,"y":0.9671220779418945,"z":-0.20493194460868836,"w":-0.14735347032546998},"size":30.40624237060547,"orthographic":false}