{"cameraMode":{"drawMode":0,"name":"Shaded","section":"Shading Mode"},"sceneLighting":false,"audioPlay":false,"sceneViewState":{"showFog":false,"showMaterialUpdate":false,"showSkybox":false,"showFlares":false,"showImageEffects":false,"showParticleSystems":false},"in2DMode":false,"pivot":{"x":215.1999969482422,"y":531.5318603515625,"z":823.0599975585938},"rotation":{"x":0.05397039279341698,"y":0.9408500790596008,"z":-0.2821020781993866,"w":0.17994944751262666},"size":2.4547879695892336,"orthographic":false}