{"cameraMode":{"drawMode":0,"name":"Shaded","section":"Shading Mode"},"sceneLighting":false,"audioPlay":true,"sceneViewState":{"showFog":false,"showMaterialUpdate":false,"showSkybox":false,"showFlares":false,"showImageEffects":false,"showParticleSystems":false},"in2DMode":false,"pivot":{"x":397.1048583984375,"y":521.09716796875,"z":727.356689453125},"rotation":{"x":0.01586417853832245,"y":-0.9825513362884522,"z":0.15635640919208527,"w":0.09968223422765732},"size":244.27517700195313,"orthographic":false}